ioc_type,value,role,campaign,confidence,source,source_url,first_seen,note,misp_type,misp_category,to_ids
sha256,e93511363f7781c4c7ff3ed0698db6c4634092fe7e93ca96d666509a9412e73e,payload_hash,own-week2,medium,Week 2 (MalwareBazaar+VirusTotal),https://bazaar.abuse.ch/,,Our manual sample; 7/68 VT detections,sha256,Payload delivery,True
sha256,b8a5ef9ea9fa588907a197db55c743559460190aa58b227db10d6be75d8bfe39,payload_hash,malwarebazaar-misc,high,MalwareBazaar,https://bazaar.abuse.ch/sample/b8a5ef9ea9fa588907a197db55c743559460190aa58b227db10d6be75d8bfe39/,2024-08-09,11.6 MB exe,sha256,Payload delivery,True
sha256,5ce7687d00cc5cdc0b7575bc68940f7a092a1f559f987f3b6a9b0c837eaa6496,payload_hash,malwarebazaar-misc,high,MalwareBazaar,https://bazaar.abuse.ch/sample/5ce7687d00cc5cdc0b7575bc68940f7a092a1f559f987f3b6a9b0c837eaa6496,2025-03-31,Tag telegram; crypter,sha256,Payload delivery,True
sha256,34e9b76c568bed90396850a59f181edb5233a045c1042fec1e29a42d8449cd40,payload_hash,malwarebazaar-misc,high,MalwareBazaar,https://bazaar.abuse.ch/sample/34e9b76c568bed90396850a59f181edb5233a045c1042fec1e29a42d8449cd40,2023-09-12,Co-tagged Amadey/RedLine,sha256,Payload delivery,True
sha256,a2a390c45219ec6ac4c2c151341ba9c65e13b0ab1ab9f4f5e161aa6569cfe64b,payload_hash,malwarebazaar-misc,high,MalwareBazaar,https://bazaar.abuse.ch/sample/a2a390c45219ec6ac4c2c151341ba9c65e13b0ab1ab9f4f5e161aa6569cfe64b,2023-09-03,Tags gcleaner loader,sha256,Payload delivery,True
sha256,6ae9282a5455d23f87f487b705c151237e6f9a63037a0e0c3f8363396b655a5d,payload_hash,malwarebazaar-misc,high,MalwareBazaar,https://bazaar.abuse.ch/sample/6ae9282a5455d23f87f487b705c151237e6f9a63037a0e0c3f8363396b655a5d/,2023-09-04,Tags gcleaner loader,sha256,Payload delivery,True
md5,52c47fdda399b011b163812c46ea94a6,loader_hash,2022-win11-photoshop,high,Zscaler ThreatLabz,https://www.zscaler.com/blogs/security-research/vidar-distributed-through-backdoored-windows-11-downloads-and-abusing,2022-05-19,Fake Windows 11 ISO over 300 MB,md5,Payload delivery,True
md5,6352540cf679dfec21aff6bd9dee3770,payload_hash,2022-win11-photoshop,high,Zscaler ThreatLabz,https://www.zscaler.com/blogs/security-research/vidar-distributed-through-backdoored-windows-11-downloads-and-abusing,2022-05-19,PE inside ISO; Themida; padded to ~330 MB,md5,Payload delivery,True
md5,da82d43043c101f25633c258f527c9d5,payload_hash,2022-win11-photoshop,high,Zscaler ThreatLabz,https://www.zscaler.com/blogs/security-research/vidar-distributed-through-backdoored-windows-11-downloads-and-abusing,2022-05-19,Vidar 51.9,md5,Payload delivery,True
md5,e9a3562f3851dd2dba27f90b5b2d15c0,payload_hash,2022-win11-photoshop,high,Zscaler ThreatLabz,https://www.zscaler.com/blogs/security-research/vidar-distributed-through-backdoored-windows-11-downloads-and-abusing,2022-05-19,Vidar 51.9,md5,Payload delivery,True
md5,6ae17cb76cdf097d4dc4fcccfb5abd8a,payload_hash,2022-win11-photoshop,high,Zscaler ThreatLabz,https://www.zscaler.com/blogs/security-research/vidar-distributed-through-backdoored-windows-11-downloads-and-abusing,2022-05-19,Fake Photoshop via GitHub,md5,Payload delivery,True
ip,195.201.250.209,c2_ip,2022-win11-photoshop,high,Zscaler ThreatLabz,https://www.zscaler.com/blogs/security-research/vidar-distributed-through-backdoored-windows-11-downloads-and-abusing,2022-05-19,Real C2 carved from Telegram dead drop,ip-dst,Network activity,True
ip,107.189.11.124,c2_ip,2022-win11-photoshop,high,Zscaler ThreatLabz,https://www.zscaler.com/blogs/security-research/vidar-distributed-through-backdoored-windows-11-downloads-and-abusing,2022-05-19,Real C2 carved from Mastodon dead drop,ip-dst,Network activity,True
ip,5.252.178.50,c2_ip,2022-win11-photoshop,high,Zscaler ThreatLabz,https://www.zscaler.com/blogs/security-research/vidar-distributed-through-backdoored-windows-11-downloads-and-abusing,2022-05-19,Hardcoded C2,ip-dst,Network activity,True
ip,31.59.44.104,c2_candidate,own-week2,low,Week 2 (VirusTotal+Shodan),https://www.virustotal.com/,,Contacted IP of our sample; C2 role not independently confirmed,ip-dst,Network activity,False
domain,ms-win11.com,distribution_domain,2022-win11-photoshop,high,Zscaler ThreatLabz,https://www.zscaler.com/blogs/security-research/vidar-distributed-through-backdoored-windows-11-downloads-and-abusing,2022-05-19,Fake Windows 11 page,domain,Network activity,True
domain,ms-win11.midlandscancer.com,distribution_domain,2022-win11-photoshop,high,Zscaler ThreatLabz,https://www.zscaler.com/blogs/security-research/vidar-distributed-through-backdoored-windows-11-downloads-and-abusing,2022-05-19,Subdomain of a likely legit domain,domain,Network activity,True
domain,win11-serv4.com,distribution_domain,2022-win11-photoshop,high,Zscaler ThreatLabz,https://www.zscaler.com/blogs/security-research/vidar-distributed-through-backdoored-windows-11-downloads-and-abusing,2022-05-19,,domain,Network activity,True
domain,win11-serv.com,distribution_domain,2022-win11-photoshop,high,Zscaler ThreatLabz,https://www.zscaler.com/blogs/security-research/vidar-distributed-through-backdoored-windows-11-downloads-and-abusing,2022-05-19,,domain,Network activity,True
domain,win11install.com,distribution_domain,2022-win11-photoshop,high,Zscaler ThreatLabz,https://www.zscaler.com/blogs/security-research/vidar-distributed-through-backdoored-windows-11-downloads-and-abusing,2022-05-19,,domain,Network activity,True
domain,ms-teams-app.net,distribution_domain,2022-win11-photoshop,high,Zscaler ThreatLabz,https://www.zscaler.com/blogs/security-research/vidar-distributed-through-backdoored-windows-11-downloads-and-abusing,2022-05-19,Fake MS Teams,domain,Network activity,True
url,files.getsnyper.com/files/msteams/Setup.iso,distribution_url,2022-win11-photoshop,high,Zscaler ThreatLabz,https://www.zscaler.com/blogs/security-research/vidar-distributed-through-backdoored-windows-11-downloads-and-abusing,2022-05-19,ISO hosting,url,Network activity,True
url,files.getsnyper.com/files/windows11/Setup.iso,distribution_url,2022-win11-photoshop,high,Zscaler ThreatLabz,https://www.zscaler.com/blogs/security-research/vidar-distributed-through-backdoored-windows-11-downloads-and-abusing,2022-05-19,ISO hosting,url,Network activity,True
url,files.getsnyper.com/files/msteamsww/Setup.iso,distribution_url,2022-win11-photoshop,high,Zscaler ThreatLabz,https://www.zscaler.com/blogs/security-research/vidar-distributed-through-backdoored-windows-11-downloads-and-abusing,2022-05-19,ISO hosting,url,Network activity,True
url,https://github.com/AdobeInstal,distribution_url,2022-win11-photoshop,high,Zscaler ThreatLabz,https://www.zscaler.com/blogs/security-research/vidar-distributed-through-backdoored-windows-11-downloads-and-abusing,2022-05-19,Attacker repo with backdoored Photoshop,url,Network activity,True
url,https://t.me/btc20220425,dead_drop,2022-win11-photoshop,high,Zscaler ThreatLabz,https://www.zscaler.com/blogs/security-research/vidar-distributed-through-backdoored-windows-11-downloads-and-abusing,2022-04-25,Telegram channel; C2 IP in description,url,Network activity,False
url,https://t.me/mm20220428,dead_drop,2022-win11-photoshop,high,Zscaler ThreatLabz,https://www.zscaler.com/blogs/security-research/vidar-distributed-through-backdoored-windows-11-downloads-and-abusing,2022-04-28,Telegram channel,url,Network activity,False
url,https://ieji.de/@ronxik213,dead_drop,2022-win11-photoshop,high,Zscaler ThreatLabz,https://www.zscaler.com/blogs/security-research/vidar-distributed-through-backdoored-windows-11-downloads-and-abusing,2022-05-19,Mastodon profile,url,Network activity,False
url,https://koyu.space/@ronxik123,dead_drop,2022-win11-photoshop,high,Zscaler ThreatLabz,https://www.zscaler.com/blogs/security-research/vidar-distributed-through-backdoored-windows-11-downloads-and-abusing,2022-05-19,Mastodon profile,url,Network activity,False
url,http://78.46.160.87/,payload_delivery,threatfox-misc,high,ThreatFox 292277,https://threatfox.abuse.ch/ioc/292277/,2022-01-10,reporter crep1x,url,Network activity,True
url,http://198.251.89.30/1375,botnet_cc,threatfox-misc,high,ThreatFox 841793,https://threatfox.abuse.ch/ioc/841793/,2022-08-07,reporter fish_illuminati,url,Network activity,True
url,http://195.201.253.169/,botnet_cc,threatfox-misc,high,ThreatFox 878075,https://threatfox.abuse.ch/ioc/878075/,2022-10-11,reporter crep1x,url,Network activity,True
url,https://ik.fabiankorte.net/,botnet_cc,threatfox-misc,high,ThreatFox 1636005,https://threatfox.abuse.ch/ioc/1636005/,2025-11-07,reporter crep1x,url,Network activity,True
url,https://ttr.tokiejegedeinitiative.org/,botnet_cc,threatfox-misc,high,ThreatFox 1663920,https://threatfox.abuse.ch/ioc/1663920/,2025-12-01,reporter crep1x,url,Network activity,True
url,https://192.177.26.164/,botnet_cc,threatfox-misc,high,ThreatFox 1673340,https://threatfox.abuse.ch/ioc/1673340/,2025-12-09,reporter crep1x,url,Network activity,True
url,http://46.226.162.174/997dfa4c912.sh?force=1,payload_delivery,threatfox-misc,high,ThreatFox 1757270,https://threatfox.abuse.ch/ioc/1757270/,2026-03-03,.sh payload - odd for a Windows stealer; verify,url,Network activity,True
url,https://tff.syslicense.net/,botnet_cc,threatfox-misc,high,ThreatFox 1776365,https://threatfox.abuse.ch/ioc/1776365/,2026-03-25,reporter crep1x,url,Network activity,True
sha256,097a87cfa4a5186aba3bba096866692951bde59c6f0c2e8c1c4a599246d14da8,payload_hash,2026-04-malvertising-factory-v3,high,Unit42,https://unit42.paloaltonetworks.com/vidar-stealer-xmrig-miner-campaign-analysis/,2026-04,Cluster A x64 EXE Go loader,sha256,Payload delivery,True
sha256,201594c9d173bba6cb509407ecba378c19b93da0a81a2182a913c480e6dbb54e,payload_hash,2026-04-malvertising-factory-v3,high,Unit42,https://unit42.paloaltonetworks.com/vidar-stealer-xmrig-miner-campaign-analysis/,2026-04,Cluster A x64 EXE Go loader,sha256,Payload delivery,True
sha256,20bf39e1e67152039e70a01ad9e7b23c08d23d2a724ef9c44903f3d4353a2275,payload_hash,2026-04-malvertising-factory-v3,high,Unit42,https://unit42.paloaltonetworks.com/vidar-stealer-xmrig-miner-campaign-analysis/,2026-04,Cluster A x64 EXE Go loader,sha256,Payload delivery,True
sha256,35dde1b2482b12582820a861e7c46f10721af6b75052fc872c05d2230a4e8ca1,payload_hash,2026-04-malvertising-factory-v3,high,Unit42,https://unit42.paloaltonetworks.com/vidar-stealer-xmrig-miner-campaign-analysis/,2026-04,Cluster A x64 EXE Go loader,sha256,Payload delivery,True
sha256,43920ef7d2742d140a1ab2a1ef172c716903474c73561377dc4f1534d2c5f581,payload_hash,2026-04-malvertising-factory-v3,high,Unit42,https://unit42.paloaltonetworks.com/vidar-stealer-xmrig-miner-campaign-analysis/,2026-04,Cluster A x64 EXE Go loader,sha256,Payload delivery,True
sha256,47d6d1a38534ba897a5a1e293e3d5df303bbd8e0526e756ad08887ffc1417bef,payload_hash,2026-04-malvertising-factory-v3,high,Unit42,https://unit42.paloaltonetworks.com/vidar-stealer-xmrig-miner-campaign-analysis/,2026-04,Cluster A x64 EXE Go loader,sha256,Payload delivery,True
sha256,68ced9d7c1b1ff8ffb5f56c7d3f849d4fd16a1b95324426811424b40043d6d25,payload_hash,2026-04-malvertising-factory-v3,high,Unit42,https://unit42.paloaltonetworks.com/vidar-stealer-xmrig-miner-campaign-analysis/,2026-04,Cluster A x64 EXE Go loader,sha256,Payload delivery,True
sha256,6b7ff061eebeb9ead8812c410247768a7ba90786aeeb1bafa6412cc5b08237b5,payload_hash,2026-04-malvertising-factory-v3,high,Unit42,https://unit42.paloaltonetworks.com/vidar-stealer-xmrig-miner-campaign-analysis/,2026-04,Cluster A x64 EXE Go loader,sha256,Payload delivery,True
sha256,739cdedb20de39aeb1f15dc8c2dbbf15fa993250fd879bf87443ff9aeaf4997b,payload_hash,2026-04-malvertising-factory-v3,high,Unit42,https://unit42.paloaltonetworks.com/vidar-stealer-xmrig-miner-campaign-analysis/,2026-04,Cluster A x64 EXE Go loader,sha256,Payload delivery,True
sha256,74df77b6a83d89fa137fd285a2efde36b1d62c00b3be81cc93df7d1e6e94837b,payload_hash,2026-04-malvertising-factory-v3,high,Unit42,https://unit42.paloaltonetworks.com/vidar-stealer-xmrig-miner-campaign-analysis/,2026-04,Cluster A x64 EXE Go loader,sha256,Payload delivery,True
sha256,8b40cc7d173efd27fb60f3d260acef28f58d67d1f39597e1d611db311a305f62,payload_hash,2026-04-malvertising-factory-v3,high,Unit42,https://unit42.paloaltonetworks.com/vidar-stealer-xmrig-miner-campaign-analysis/,2026-04,Cluster A x64 EXE Go loader,sha256,Payload delivery,True
sha256,9656d3301f63ef6114289739a1c44082206298f787238fc6c190ad87eab24751,payload_hash,2026-04-malvertising-factory-v3,high,Unit42,https://unit42.paloaltonetworks.com/vidar-stealer-xmrig-miner-campaign-analysis/,2026-04,Cluster A x64 EXE Go loader,sha256,Payload delivery,True
sha256,9b3df1b6c1b98c201de09a7719066f7bcae6b66a3173b703a617f53fddf67d51,payload_hash,2026-04-malvertising-factory-v3,high,Unit42,https://unit42.paloaltonetworks.com/vidar-stealer-xmrig-miner-campaign-analysis/,2026-04,Cluster A x64 EXE Go loader,sha256,Payload delivery,True
sha256,a17a972a05afe387ed32aa2986d5be8bca2f22619d0aedfa834c6963abfab3bf,payload_hash,2026-04-malvertising-factory-v3,high,Unit42,https://unit42.paloaltonetworks.com/vidar-stealer-xmrig-miner-campaign-analysis/,2026-04,Cluster A x64 EXE Go loader,sha256,Payload delivery,True
sha256,a4f979b4a5d7bc8bc455dd4c09b44e51a389576fccce35a2c8da3ce680237565,payload_hash,2026-04-malvertising-factory-v3,high,Unit42,https://unit42.paloaltonetworks.com/vidar-stealer-xmrig-miner-campaign-analysis/,2026-04,Cluster A x64 EXE Go loader,sha256,Payload delivery,True
sha256,a64843ebfbc39e96ec7613003b1b5c3a9b878874ea15a05e1d34ce91781ebfb6,payload_hash,2026-04-malvertising-factory-v3,high,Unit42,https://unit42.paloaltonetworks.com/vidar-stealer-xmrig-miner-campaign-analysis/,2026-04,Cluster A x64 EXE Go loader,sha256,Payload delivery,True
sha256,aaa2bc1128d8b8b2da76262bf87ede19bac053cca6576efba6aaa71c9438c304,payload_hash,2026-04-malvertising-factory-v3,high,Unit42,https://unit42.paloaltonetworks.com/vidar-stealer-xmrig-miner-campaign-analysis/,2026-04,Cluster A x64 EXE Go loader,sha256,Payload delivery,True
sha256,b830f043076a12748b6a2dc0810ece85439ee77434d991ae7d84201b09ead756,payload_hash,2026-04-malvertising-factory-v3,high,Unit42,https://unit42.paloaltonetworks.com/vidar-stealer-xmrig-miner-campaign-analysis/,2026-04,Cluster A x64 EXE Go loader,sha256,Payload delivery,True
sha256,bb30cc2b302d9a6963109b201b78d4163bb6c2d7bc8bf5a66e9a744b62fc2717,payload_hash,2026-04-malvertising-factory-v3,high,Unit42,https://unit42.paloaltonetworks.com/vidar-stealer-xmrig-miner-campaign-analysis/,2026-04,Cluster A x64 EXE Go loader,sha256,Payload delivery,True
sha256,c328b78c21060e2203ac517833fce41572b91878e187f85fa434cd6914659834,payload_hash,2026-04-malvertising-factory-v3,high,Unit42,https://unit42.paloaltonetworks.com/vidar-stealer-xmrig-miner-campaign-analysis/,2026-04,Cluster A x64 EXE Go loader,sha256,Payload delivery,True
sha256,c7a4a547eb7f6b0b4b75bb6dd8955244bb2618ba234ae740cdedd7c2d30e3465,payload_hash,2026-04-malvertising-factory-v3,high,Unit42,https://unit42.paloaltonetworks.com/vidar-stealer-xmrig-miner-campaign-analysis/,2026-04,Cluster A x64 EXE Go loader,sha256,Payload delivery,True
sha256,d384c403c084967d8c967501ee6332b050af04ef424f13a3f5a88d155389d98c,payload_hash,2026-04-malvertising-factory-v3,high,Unit42,https://unit42.paloaltonetworks.com/vidar-stealer-xmrig-miner-campaign-analysis/,2026-04,Cluster A x64 EXE Go loader,sha256,Payload delivery,True
sha256,d6446f2803444bd2200d48a01a9ad7d487e67e8e831c9cd13f89cbfec17fd4e2,payload_hash,2026-04-malvertising-factory-v3,high,Unit42,https://unit42.paloaltonetworks.com/vidar-stealer-xmrig-miner-campaign-analysis/,2026-04,Cluster A x64 EXE Go loader,sha256,Payload delivery,True
sha256,d7c9c9469c513c05aa431fae34f414f91fcf3f794d3e76b6e4d0b92c4cd3ff2e,payload_hash,2026-04-malvertising-factory-v3,high,Unit42,https://unit42.paloaltonetworks.com/vidar-stealer-xmrig-miner-campaign-analysis/,2026-04,Cluster A x64 EXE Go loader,sha256,Payload delivery,True
sha256,d8c1f96107a3349e62b3ab9afc60f62af9c89b6961b637a26b71e1230f2b3b8a,payload_hash,2026-04-malvertising-factory-v3,high,Unit42,https://unit42.paloaltonetworks.com/vidar-stealer-xmrig-miner-campaign-analysis/,2026-04,Cluster A x64 EXE Go loader,sha256,Payload delivery,True
sha256,f0dcb7e407de85d8de8e2221df8dddecac8aec88af8975c9f07e14100f6edb88,payload_hash,2026-04-malvertising-factory-v3,high,Unit42,https://unit42.paloaltonetworks.com/vidar-stealer-xmrig-miner-campaign-analysis/,2026-04,Cluster A x64 EXE Go loader,sha256,Payload delivery,True
sha256,0a6a67a2fc4d79ec1cd8afc5b8b7a5e69a406e53d57a7334e097c5d0644de5f6,payload_hash,2026-04-malvertising-factory-v3,high,Unit42,https://unit42.paloaltonetworks.com/vidar-stealer-xmrig-miner-campaign-analysis/,2026-04,Cluster B x64 DLL fake MpClient.dll (side-load),sha256,Payload delivery,True
sha256,488d941b7b4428b0f4a0e5495e3857b9b96215fb3e7f164b06640d59096425e6,payload_hash,2026-04-malvertising-factory-v3,high,Unit42,https://unit42.paloaltonetworks.com/vidar-stealer-xmrig-miner-campaign-analysis/,2026-04,Cluster B x64 DLL fake MpClient.dll (side-load),sha256,Payload delivery,True
sha256,5d7324d8b5a25f862ef8223c6766d0e80af3ad168e17312b265e13a3a68e0ded,payload_hash,2026-04-malvertising-factory-v3,high,Unit42,https://unit42.paloaltonetworks.com/vidar-stealer-xmrig-miner-campaign-analysis/,2026-04,Cluster B x64 DLL fake MpClient.dll (side-load),sha256,Payload delivery,True
sha256,7720e83c02a027d70ae201c393c1956aa2fa8199879a3a4c4fd1d20b03022cfd,payload_hash,2026-04-malvertising-factory-v3,high,Unit42,https://unit42.paloaltonetworks.com/vidar-stealer-xmrig-miner-campaign-analysis/,2026-04,Cluster B x64 DLL fake MpClient.dll (side-load),sha256,Payload delivery,True
sha256,7e49da0ae2f81e14841f356b4d69f0480c2d9ce3fab5a3fa91b0036d9a36fa0f,payload_hash,2026-04-malvertising-factory-v3,high,Unit42,https://unit42.paloaltonetworks.com/vidar-stealer-xmrig-miner-campaign-analysis/,2026-04,Cluster B x64 DLL fake MpClient.dll (side-load),sha256,Payload delivery,True
sha256,b8b5f6991a3a61083461d5269245bebf28b90934c328848ba8c1e084a5a6216c,payload_hash,2026-04-malvertising-factory-v3,high,Unit42,https://unit42.paloaltonetworks.com/vidar-stealer-xmrig-miner-campaign-analysis/,2026-04,Cluster B x64 DLL fake MpClient.dll (side-load),sha256,Payload delivery,True
sha256,b927d265fa29e471c1ae0d31516e480c09c0fb17f480ad08ea8d5b73e84b7a1b,payload_hash,2026-04-malvertising-factory-v3,high,Unit42,https://unit42.paloaltonetworks.com/vidar-stealer-xmrig-miner-campaign-analysis/,2026-04,Cluster B x64 DLL fake MpClient.dll (side-load),sha256,Payload delivery,True
sha256,b9b6893fa6b04ee8daa29e515c08239ac5204af1a1fa2bc10006eede1b41329b,payload_hash,2026-04-malvertising-factory-v3,high,Unit42,https://unit42.paloaltonetworks.com/vidar-stealer-xmrig-miner-campaign-analysis/,2026-04,Cluster B x64 DLL fake MpClient.dll (side-load),sha256,Payload delivery,True
sha256,c7c37a973b14edd5b6b2da4a1497c593e43640735ff54aecc9a3288fa5e548e3,payload_hash,2026-04-malvertising-factory-v3,high,Unit42,https://unit42.paloaltonetworks.com/vidar-stealer-xmrig-miner-campaign-analysis/,2026-04,Cluster B x64 DLL fake MpClient.dll (side-load),sha256,Payload delivery,True
sha256,d2148a458da46e81702136aa915312d360805f083d1f37ff5531db9fbdb8ad6d,payload_hash,2026-04-malvertising-factory-v3,high,Unit42,https://unit42.paloaltonetworks.com/vidar-stealer-xmrig-miner-campaign-analysis/,2026-04,Cluster B x64 DLL fake MpClient.dll (side-load),sha256,Payload delivery,True
sha256,d7b56818c829960b692de9ad5a14e52669d953e9f074f7218c3fe34ede4a11a0,payload_hash,2026-04-malvertising-factory-v3,high,Unit42,https://unit42.paloaltonetworks.com/vidar-stealer-xmrig-miner-campaign-analysis/,2026-04,Cluster B x64 DLL fake MpClient.dll (side-load),sha256,Payload delivery,True
sha256,db2a872f712fbdb1e347d06e29a9ed8278d86710ffc14ff04422be76e47124f4,payload_hash,2026-04-malvertising-factory-v3,high,Unit42,https://unit42.paloaltonetworks.com/vidar-stealer-xmrig-miner-campaign-analysis/,2026-04,Cluster B x64 DLL fake MpClient.dll (side-load),sha256,Payload delivery,True
sha256,e9e5e748ec5c0b811c8e60b0e55059edb4d2df86ff3ca45969e57d5fecb11a38,payload_hash,2026-04-malvertising-factory-v3,high,Unit42,https://unit42.paloaltonetworks.com/vidar-stealer-xmrig-miner-campaign-analysis/,2026-04,Cluster B x64 DLL fake MpClient.dll (side-load),sha256,Payload delivery,True
sha256,03e6f4f49cec3af38bbec9ed64c195c7a85a630ec989efb3669f04a2993c1dd7,payload_hash,2026-04-malvertising-factory-v3,high,Unit42,https://unit42.paloaltonetworks.com/vidar-stealer-xmrig-miner-campaign-analysis/,2026-04,Cluster C x86 EXE Go loader,sha256,Payload delivery,True
sha256,914c18a04a2727bba9cecab78a1d516ec3c7a3f667e0e5a6081aa0e9206a69fe,payload_hash,2026-04-malvertising-factory-v3,high,Unit42,https://unit42.paloaltonetworks.com/vidar-stealer-xmrig-miner-campaign-analysis/,2026-04,Cluster C x86 EXE Go loader,sha256,Payload delivery,True
sha256,d78082dc33c6dca98316e865efa9829c6eb5a97c2ca3cd4ea6c2123a5f6ae45b,payload_hash,2026-04-malvertising-factory-v3,high,Unit42,https://unit42.paloaltonetworks.com/vidar-stealer-xmrig-miner-campaign-analysis/,2026-04,Cluster C x86 EXE Go loader,sha256,Payload delivery,True
sha256,7ed4a256e1d281cb4f194d13ff554fd4fb280dafde0a67a18115ea038ea6c87d,payload_hash,2026-04-malvertising-factory-v3,high,Unit42,https://unit42.paloaltonetworks.com/vidar-stealer-xmrig-miner-campaign-analysis/,2026-04,Cluster D Vidar core payload,sha256,Payload delivery,True
sha256,15489bcd6e4602b41c9a787ec8d7ab027d5e45d400938048bb1c702ad5937980,payload_hash,2026-04-malvertising-factory-v3,high,Unit42,https://unit42.paloaltonetworks.com/vidar-stealer-xmrig-miner-campaign-analysis/,2026-04-24,Variant B loader (BleacherReport-style fake cert),sha256,Payload delivery,True
sha256,169a330353e53a409e0109c914404354741ff1e1c64e501738dc05e58ea92abc,payload_hash,2026-04-malvertising-factory-v3,high,Unit42,https://unit42.paloaltonetworks.com/vidar-stealer-xmrig-miner-campaign-analysis/,2026-04-24,Variant B loader (BleacherReport-style fake cert),sha256,Payload delivery,True
sha256,2a02ec4af5ed591afdf1236a443e3b68642ee133f38a2857d1eada51246ab498,payload_hash,2026-04-malvertising-factory-v3,high,Unit42,https://unit42.paloaltonetworks.com/vidar-stealer-xmrig-miner-campaign-analysis/,2026-04-24,Variant B loader (BleacherReport-style fake cert),sha256,Payload delivery,True
sha256,2b7297a5f502a2e9a59066f0a370bc5a8b28addd0e27975db3d770f801c15397,payload_hash,2026-04-malvertising-factory-v3,high,Unit42,https://unit42.paloaltonetworks.com/vidar-stealer-xmrig-miner-campaign-analysis/,2026-04-24,Variant B loader (BleacherReport-style fake cert),sha256,Payload delivery,True
sha256,2c0b344af415b787b396c8e23bbeb112bd471a1ca1d12cf357c48e2ee1ae068c,payload_hash,2026-04-malvertising-factory-v3,high,Unit42,https://unit42.paloaltonetworks.com/vidar-stealer-xmrig-miner-campaign-analysis/,2026-04-24,Variant B loader (BleacherReport-style fake cert),sha256,Payload delivery,True
sha256,2c6e8f86c05781af12b323311e83e011f1a603928e2086c48e2ca59e33d90dbe,payload_hash,2026-04-malvertising-factory-v3,high,Unit42,https://unit42.paloaltonetworks.com/vidar-stealer-xmrig-miner-campaign-analysis/,2026-04-24,Variant B loader (BleacherReport-style fake cert),sha256,Payload delivery,True
sha256,2e11a16f94484e0f43eb4572f800f26f0b4a1314cbdae3c44c1ae35f376906d8,payload_hash,2026-04-malvertising-factory-v3,high,Unit42,https://unit42.paloaltonetworks.com/vidar-stealer-xmrig-miner-campaign-analysis/,2026-04-24,Variant B loader (BleacherReport-style fake cert),sha256,Payload delivery,True
sha256,2f1400a91c853d61622f4d21ed97d96ea1093c0fa1586669bea6f6baa331251f,payload_hash,2026-04-malvertising-factory-v3,high,Unit42,https://unit42.paloaltonetworks.com/vidar-stealer-xmrig-miner-campaign-analysis/,2026-04-24,Variant B loader (BleacherReport-style fake cert),sha256,Payload delivery,True
sha256,314ce675c040c63b825f213965f5c76a3bd09bf70e138708367e2a84e9e84b30,payload_hash,2026-04-malvertising-factory-v3,high,Unit42,https://unit42.paloaltonetworks.com/vidar-stealer-xmrig-miner-campaign-analysis/,2026-04-24,Variant B loader (BleacherReport-style fake cert),sha256,Payload delivery,True
sha256,32172e4d8d2ab9fb29b36c9b279117be6ff611b5b91ff7b1c42501a5ec969f2b,payload_hash,2026-04-malvertising-factory-v3,high,Unit42,https://unit42.paloaltonetworks.com/vidar-stealer-xmrig-miner-campaign-analysis/,2026-04-24,Variant B loader (BleacherReport-style fake cert),sha256,Payload delivery,True
sha256,330efeebba3782994612fdfe20ff96c930af33a83b88a342b6622461511921b2,payload_hash,2026-04-malvertising-factory-v3,high,Unit42,https://unit42.paloaltonetworks.com/vidar-stealer-xmrig-miner-campaign-analysis/,2026-04-24,Variant B loader (BleacherReport-style fake cert),sha256,Payload delivery,True
sha256,35b51bbe42edd15918b015eaa1b4f0e6b5c94f186d71d887e39f1da69a4dec3f,payload_hash,2026-04-malvertising-factory-v3,high,Unit42,https://unit42.paloaltonetworks.com/vidar-stealer-xmrig-miner-campaign-analysis/,2026-04-24,Variant B loader (BleacherReport-style fake cert),sha256,Payload delivery,True
sha256,3c3f12531045b7eedfe25e0f291d4792b0d8c8366f8de043e2fa8ecf34ccb913,payload_hash,2026-04-malvertising-factory-v3,high,Unit42,https://unit42.paloaltonetworks.com/vidar-stealer-xmrig-miner-campaign-analysis/,2026-04-24,Variant B loader (BleacherReport-style fake cert),sha256,Payload delivery,True
sha256,3db33b0423bb9278db267a7adb036ecbd6aeebd7909d06d824919708b1e12e1b,payload_hash,2026-04-malvertising-factory-v3,high,Unit42,https://unit42.paloaltonetworks.com/vidar-stealer-xmrig-miner-campaign-analysis/,2026-04-24,Variant B loader (BleacherReport-style fake cert),sha256,Payload delivery,True
sha256,3e906ae47e9836a591f44d4b743e961d634a404fa8fd8bfae64f1d54c853be2b,payload_hash,2026-04-malvertising-factory-v3,high,Unit42,https://unit42.paloaltonetworks.com/vidar-stealer-xmrig-miner-campaign-analysis/,2026-04-24,Variant B loader (BleacherReport-style fake cert),sha256,Payload delivery,True
sha256,4bf770a59d367b532dec32668f86003b17d93918dba5ef5fd2b19c5394252436,payload_hash,2026-04-malvertising-factory-v3,high,Unit42,https://unit42.paloaltonetworks.com/vidar-stealer-xmrig-miner-campaign-analysis/,2026-04-24,Variant B loader (BleacherReport-style fake cert),sha256,Payload delivery,True
sha256,4f456142caf590d98fb11ca247800bb417766714527e5a4707ac2f5d01542626,payload_hash,2026-04-malvertising-factory-v3,high,Unit42,https://unit42.paloaltonetworks.com/vidar-stealer-xmrig-miner-campaign-analysis/,2026-04-24,Variant B loader (BleacherReport-style fake cert),sha256,Payload delivery,True
sha256,53d263b292be387843fadb7131c2d538b4262c81f5b95cfacafacf2d5446c06e,payload_hash,2026-04-malvertising-factory-v3,high,Unit42,https://unit42.paloaltonetworks.com/vidar-stealer-xmrig-miner-campaign-analysis/,2026-04-24,Variant B loader (BleacherReport-style fake cert),sha256,Payload delivery,True
sha256,5494909e0f5221db75e933b28981b2d0e118f227b7d8a5980d88b500b76dfc2e,payload_hash,2026-04-malvertising-factory-v3,high,Unit42,https://unit42.paloaltonetworks.com/vidar-stealer-xmrig-miner-campaign-analysis/,2026-04-24,Variant B loader (BleacherReport-style fake cert),sha256,Payload delivery,True
sha256,54dc05ab56244444f86d69b8274a6075906f7ba2307b08e08d3884abde255495,payload_hash,2026-04-malvertising-factory-v3,high,Unit42,https://unit42.paloaltonetworks.com/vidar-stealer-xmrig-miner-campaign-analysis/,2026-04-24,Variant B loader (BleacherReport-style fake cert),sha256,Payload delivery,True
sha256,559f46ceb801a3540eace594476718e1486b5b4423cfb4ff64530ff8fb4a3815,payload_hash,2026-04-malvertising-factory-v3,high,Unit42,https://unit42.paloaltonetworks.com/vidar-stealer-xmrig-miner-campaign-analysis/,2026-04-24,Variant B loader (BleacherReport-style fake cert),sha256,Payload delivery,True
sha256,5838ae6c748dcbdfa13c6529c654cb821897d29835d3e7e05ca23fb2f3794f02,payload_hash,2026-04-malvertising-factory-v3,high,Unit42,https://unit42.paloaltonetworks.com/vidar-stealer-xmrig-miner-campaign-analysis/,2026-04-24,Variant B loader (BleacherReport-style fake cert),sha256,Payload delivery,True
sha256,59b9153c4c9e155c976db1a2fd4d1b28fa10bb9c4dcafdc4758b352c037e3d86,payload_hash,2026-04-malvertising-factory-v3,high,Unit42,https://unit42.paloaltonetworks.com/vidar-stealer-xmrig-miner-campaign-analysis/,2026-04-24,Variant B loader (BleacherReport-style fake cert),sha256,Payload delivery,True
sha256,5b6a466b65d479b77a03b15a95ac097b45e23ff7ae5ef6282985b2a503deb691,payload_hash,2026-04-malvertising-factory-v3,high,Unit42,https://unit42.paloaltonetworks.com/vidar-stealer-xmrig-miner-campaign-analysis/,2026-04-24,Variant B loader (BleacherReport-style fake cert),sha256,Payload delivery,True
sha256,613e5314a7ded3155cdec49fd34e852e181f4651d78bd8bf3adad2f4dbf22b0d,payload_hash,2026-04-malvertising-factory-v3,high,Unit42,https://unit42.paloaltonetworks.com/vidar-stealer-xmrig-miner-campaign-analysis/,2026-04-24,Variant B loader (BleacherReport-style fake cert),sha256,Payload delivery,True
sha256,62877a5096828c4bc2fca7cbee7d38b11a0c90fd0d3fc8c37981581e9988c919,payload_hash,2026-04-malvertising-factory-v3,high,Unit42,https://unit42.paloaltonetworks.com/vidar-stealer-xmrig-miner-campaign-analysis/,2026-04-24,Variant B loader (BleacherReport-style fake cert),sha256,Payload delivery,True
sha256,634e89d8592d7c9e2bc1c098217a813947b44a4f80bc569e9a15c1e8b0864b91,payload_hash,2026-04-malvertising-factory-v3,high,Unit42,https://unit42.paloaltonetworks.com/vidar-stealer-xmrig-miner-campaign-analysis/,2026-04-24,Variant B loader (BleacherReport-style fake cert),sha256,Payload delivery,True
sha256,67569adec99fd38b114ae07e2e549e6c16f75368f3c5373022c84934ed1c8e84,payload_hash,2026-04-malvertising-factory-v3,high,Unit42,https://unit42.paloaltonetworks.com/vidar-stealer-xmrig-miner-campaign-analysis/,2026-04-24,Variant B loader (BleacherReport-style fake cert),sha256,Payload delivery,True
sha256,6d49233b1fca22f3823e856e4c16749e9c45f384ea57055fead16df35b217226,payload_hash,2026-04-malvertising-factory-v3,high,Unit42,https://unit42.paloaltonetworks.com/vidar-stealer-xmrig-miner-campaign-analysis/,2026-04-24,Variant B loader (BleacherReport-style fake cert),sha256,Payload delivery,True
sha256,71c79e8bf71ed257435ea9b8b91e118ba03ec681860651190f7d7457804313ee,payload_hash,2026-04-malvertising-factory-v3,high,Unit42,https://unit42.paloaltonetworks.com/vidar-stealer-xmrig-miner-campaign-analysis/,2026-04-24,Variant B loader (BleacherReport-style fake cert),sha256,Payload delivery,True
sha256,77469615c5f548063922b469a8c0a4116511395d013e5a798e123e9c119acc4b,payload_hash,2026-04-malvertising-factory-v3,high,Unit42,https://unit42.paloaltonetworks.com/vidar-stealer-xmrig-miner-campaign-analysis/,2026-04-24,Variant B loader (BleacherReport-style fake cert),sha256,Payload delivery,True
sha256,7828e17e674507ab13dfd84b31b361fa19b9cb27ee130620ba9211feef746d31,payload_hash,2026-04-malvertising-factory-v3,high,Unit42,https://unit42.paloaltonetworks.com/vidar-stealer-xmrig-miner-campaign-analysis/,2026-04-24,Variant B loader (BleacherReport-style fake cert),sha256,Payload delivery,True
sha256,8dbcde2a28a0b3de201214d7e3bd43acc97561924daa247c05c4b0536d42be85,payload_hash,2026-04-malvertising-factory-v3,high,Unit42,https://unit42.paloaltonetworks.com/vidar-stealer-xmrig-miner-campaign-analysis/,2026-04-24,Variant B loader (BleacherReport-style fake cert),sha256,Payload delivery,True
sha256,901a43b42f997710147295a0625e20c935207f8c531daf5311449ec119a37dcc,payload_hash,2026-04-malvertising-factory-v3,high,Unit42,https://unit42.paloaltonetworks.com/vidar-stealer-xmrig-miner-campaign-analysis/,2026-04-24,Variant B loader (BleacherReport-style fake cert),sha256,Payload delivery,True
sha256,94db6fa14b4e487dffba709b87e8a7e25483300ed409de243b19fff7cf2f0978,payload_hash,2026-04-malvertising-factory-v3,high,Unit42,https://unit42.paloaltonetworks.com/vidar-stealer-xmrig-miner-campaign-analysis/,2026-04-24,Variant B loader (BleacherReport-style fake cert),sha256,Payload delivery,True
sha256,95cd48130247525d8a7e966bd3fa07e9d6c39ebbe3058ecccb336f66bb8e3d1e,payload_hash,2026-04-malvertising-factory-v3,high,Unit42,https://unit42.paloaltonetworks.com/vidar-stealer-xmrig-miner-campaign-analysis/,2026-04-24,Variant B loader (BleacherReport-style fake cert),sha256,Payload delivery,True
sha256,96bb418128deeb2b9d2e4b66b98cae07b238b326b6456cc9b86802e67c504a03,payload_hash,2026-04-malvertising-factory-v3,high,Unit42,https://unit42.paloaltonetworks.com/vidar-stealer-xmrig-miner-campaign-analysis/,2026-04-24,Variant B loader (BleacherReport-style fake cert),sha256,Payload delivery,True
sha256,98cce1e69873de25e5139aa848f469bef2af345a8a49d15000b5b5e72b582896,payload_hash,2026-04-malvertising-factory-v3,high,Unit42,https://unit42.paloaltonetworks.com/vidar-stealer-xmrig-miner-campaign-analysis/,2026-04-24,Variant B loader (BleacherReport-style fake cert),sha256,Payload delivery,True
sha256,a1039de7ec690d64db9d7d91f3d777d308e49e958de4154aa0b62ded7820f1fe,payload_hash,2026-04-malvertising-factory-v3,high,Unit42,https://unit42.paloaltonetworks.com/vidar-stealer-xmrig-miner-campaign-analysis/,2026-04-24,Variant B loader (BleacherReport-style fake cert),sha256,Payload delivery,True
sha256,a785fc61fc4ff7cff0ddb540bf7ff12111ed0d6031f78f48387a6c16cb3c5451,payload_hash,2026-04-malvertising-factory-v3,high,Unit42,https://unit42.paloaltonetworks.com/vidar-stealer-xmrig-miner-campaign-analysis/,2026-04-24,Variant B loader (BleacherReport-style fake cert),sha256,Payload delivery,True
sha256,aa0083f662f055e8d911c5de3a8f3a31b3c84cacc7dccc30c98f2be14dba4102,payload_hash,2026-04-malvertising-factory-v3,high,Unit42,https://unit42.paloaltonetworks.com/vidar-stealer-xmrig-miner-campaign-analysis/,2026-04-24,Variant B loader (BleacherReport-style fake cert),sha256,Payload delivery,True
sha256,b58814fb3ce5a085014ee6e8d89f7cc1380b234b97170fd5f3398031281c6a77,payload_hash,2026-04-malvertising-factory-v3,high,Unit42,https://unit42.paloaltonetworks.com/vidar-stealer-xmrig-miner-campaign-analysis/,2026-04-24,Variant B loader (BleacherReport-style fake cert),sha256,Payload delivery,True
sha256,b6912c23cccc4b0964d55608916297f6978f0b38c80a4beac472004a786fcef7,payload_hash,2026-04-malvertising-factory-v3,high,Unit42,https://unit42.paloaltonetworks.com/vidar-stealer-xmrig-miner-campaign-analysis/,2026-04-24,Variant B loader (BleacherReport-style fake cert),sha256,Payload delivery,True
sha256,bd3230e4ceaf32ad2248ab069b164bd2144401967ac69de0a4cd1734fe429d9c,payload_hash,2026-04-malvertising-factory-v3,high,Unit42,https://unit42.paloaltonetworks.com/vidar-stealer-xmrig-miner-campaign-analysis/,2026-04-24,Variant B loader (BleacherReport-style fake cert),sha256,Payload delivery,True
sha256,c25799facb3e788830bcf614f33411d3bcfc0edd4a2200e160b5eb4ce700039f,payload_hash,2026-04-malvertising-factory-v3,high,Unit42,https://unit42.paloaltonetworks.com/vidar-stealer-xmrig-miner-campaign-analysis/,2026-04-24,Variant B loader (BleacherReport-style fake cert),sha256,Payload delivery,True
sha256,c39fedb662259bd76b11616966c41ff1fbda58d9b129b9c1bd818700eea92b29,payload_hash,2026-04-malvertising-factory-v3,high,Unit42,https://unit42.paloaltonetworks.com/vidar-stealer-xmrig-miner-campaign-analysis/,2026-04-24,Variant B loader (BleacherReport-style fake cert),sha256,Payload delivery,True
sha256,ca8a00c9d36c64e5dcf562c7ae2b8df4bd6455fe0b41b32ee3a2a528ddc2d155,payload_hash,2026-04-malvertising-factory-v3,high,Unit42,https://unit42.paloaltonetworks.com/vidar-stealer-xmrig-miner-campaign-analysis/,2026-04-24,Variant B loader (BleacherReport-style fake cert),sha256,Payload delivery,True
sha256,ce379de03e35e0ea2c88744c29b9e2678165214065f9b957177002c6bbe69084,payload_hash,2026-04-malvertising-factory-v3,high,Unit42,https://unit42.paloaltonetworks.com/vidar-stealer-xmrig-miner-campaign-analysis/,2026-04-24,Variant B loader (BleacherReport-style fake cert),sha256,Payload delivery,True
sha256,d18369be4487d7cd0e4bd3dd0da720672e56e13ca43627305e26767e26925551,payload_hash,2026-04-malvertising-factory-v3,high,Unit42,https://unit42.paloaltonetworks.com/vidar-stealer-xmrig-miner-campaign-analysis/,2026-04-24,Variant B loader (BleacherReport-style fake cert),sha256,Payload delivery,True
sha256,d7745513034af14617436ad6b3fc125fd0343218411d0c79bda56b0dadc86b2b,payload_hash,2026-04-malvertising-factory-v3,high,Unit42,https://unit42.paloaltonetworks.com/vidar-stealer-xmrig-miner-campaign-analysis/,2026-04-24,Variant B loader (BleacherReport-style fake cert),sha256,Payload delivery,True
sha256,d8ac0c08e4c698017558e532974cf749135d3d49757f05001e6127dc6e07cf17,payload_hash,2026-04-malvertising-factory-v3,high,Unit42,https://unit42.paloaltonetworks.com/vidar-stealer-xmrig-miner-campaign-analysis/,2026-04-24,Variant B loader (BleacherReport-style fake cert),sha256,Payload delivery,True
sha256,dccf9f008b42a04f7e69d3bbf7b5ce81e71308545d6176cc4763920a424e5ac1,payload_hash,2026-04-malvertising-factory-v3,high,Unit42,https://unit42.paloaltonetworks.com/vidar-stealer-xmrig-miner-campaign-analysis/,2026-04-24,Variant B loader (BleacherReport-style fake cert),sha256,Payload delivery,True
sha256,e5341edb7c039c456d46c39f194be86ce4b41725d7ad12d297d18aa99cddd675,payload_hash,2026-04-malvertising-factory-v3,high,Unit42,https://unit42.paloaltonetworks.com/vidar-stealer-xmrig-miner-campaign-analysis/,2026-04-24,Variant B loader (BleacherReport-style fake cert),sha256,Payload delivery,True
sha256,e88c41a6f769cd760e323b4f7c01835433cd4059cd59630cb1a9eb1181b350ed,payload_hash,2026-04-malvertising-factory-v3,high,Unit42,https://unit42.paloaltonetworks.com/vidar-stealer-xmrig-miner-campaign-analysis/,2026-04-24,Variant B loader (BleacherReport-style fake cert),sha256,Payload delivery,True
sha256,f13f9cef5cc020bf673c7f4e19c93c312a043867f46796a8f01927a9a14c2533,payload_hash,2026-04-malvertising-factory-v3,high,Unit42,https://unit42.paloaltonetworks.com/vidar-stealer-xmrig-miner-campaign-analysis/,2026-04-24,Variant B loader (BleacherReport-style fake cert),sha256,Payload delivery,True
sha256,f760bc16a585325ba9d74917f9e0994d3a4164c1141158c799b619d2c823e818,payload_hash,2026-04-malvertising-factory-v3,high,Unit42,https://unit42.paloaltonetworks.com/vidar-stealer-xmrig-miner-campaign-analysis/,2026-04-24,Variant B loader (BleacherReport-style fake cert),sha256,Payload delivery,True
ip,116.203.243.208,c2_ip,2026-04-malvertising-factory-v3,high,Unit42,https://unit42.paloaltonetworks.com/vidar-stealer-xmrig-miner-campaign-analysis/,2026-04,Vidar C2 (Hetzner/other); .109 exfil on 443,ip-dst,Network activity,True
ip,136.243.203.109,c2_ip,2026-04-malvertising-factory-v3,high,Unit42,https://unit42.paloaltonetworks.com/vidar-stealer-xmrig-miner-campaign-analysis/,2026-04,Vidar C2 (Hetzner/other); .109 exfil on 443,ip-dst,Network activity,True
ip,136.243.203.111,c2_ip,2026-04-malvertising-factory-v3,high,Unit42,https://unit42.paloaltonetworks.com/vidar-stealer-xmrig-miner-campaign-analysis/,2026-04,Vidar C2 (Hetzner/other); .109 exfil on 443,ip-dst,Network activity,True
ip,138.199.246.13,c2_ip,2026-04-malvertising-factory-v3,high,Unit42,https://unit42.paloaltonetworks.com/vidar-stealer-xmrig-miner-campaign-analysis/,2026-04,Vidar C2 (Hetzner/other); .109 exfil on 443,ip-dst,Network activity,True
imphash,d42595b695fc008ef2c56aabd8efd68e,imphash,2026-04-malvertising-factory-v3,high,Unit42,https://unit42.paloaltonetworks.com/vidar-stealer-xmrig-miner-campaign-analysis/,2026-04,Cluster A import hash,imphash,Payload delivery,True
imphash,d8b31f8c03e0c76ff245ed05a15ffe6c,imphash,2026-04-malvertising-factory-v3,high,Unit42,https://unit42.paloaltonetworks.com/vidar-stealer-xmrig-miner-campaign-analysis/,2026-04,Cluster B import hash,imphash,Payload delivery,True
imphash,1aae8bf580c846f39c71c05898e57e88,imphash,2026-04-malvertising-factory-v3,high,Unit42,https://unit42.paloaltonetworks.com/vidar-stealer-xmrig-miner-campaign-analysis/,2026-04,Cluster C import hash,imphash,Payload delivery,True
imphash,c10333c92889b65c3590ef2b3819b420,imphash,2026-04-malvertising-factory-v3,high,Unit42,https://unit42.paloaltonetworks.com/vidar-stealer-xmrig-miner-campaign-analysis/,2026-04,Cluster D import hash,imphash,Payload delivery,True
cert_sha1,ab92f731ab20774dfdb95664ee41a2fbafe2a284,cert_sha1,2026-04-malvertising-factory-v3,high,Unit42,https://unit42.paloaltonetworks.com/vidar-stealer-xmrig-miner-campaign-analysis/,2026-04,SHA1 of C2 SSL cert (abuse.ch SSLBL lists it),x509-fingerprint-sha1,Network activity,True
domain,pool.supportxmr.com,miner_pool,2026-04-malvertising-factory-v3,high,Unit42,https://unit42.paloaltonetworks.com/vidar-stealer-xmrig-miner-campaign-analysis/,2026-04,"XMRig pool - public service, alert don't blanket-block",domain,Network activity,False
url,https://t.me/ci0iiif,dead_drop,2026-04-malvertising-factory-v3,high,Unit42,https://unit42.paloaltonetworks.com/vidar-stealer-xmrig-miner-campaign-analysis/,2026-04-24,Telegram channel used by Variant B,url,Network activity,False
domain,oulpansheli.org,distribution,2026-03-clickfix,medium,FDC-ClickFix,https://github.com/freedatacenter/threat-intelligence/tree/main/reports/2026-03-27-clickfix-vidar,2026-03-27,"Compromised landing page (Hebrew language school, OVH FR)",domain,Network activity,True
domain,productionmaza.cyou,payload_delivery,2026-03-clickfix,medium,FDC-ClickFix,https://github.com/freedatacenter/threat-intelligence/tree/main/reports/2026-03-27-clickfix-vidar,2026-03-27,Crypter payload delivery (Cloudflare),domain,Network activity,True
domain,neugepower.net,c2_domain,2026-03-clickfix,medium,FDC-ClickFix,https://github.com/freedatacenter/threat-intelligence/tree/main/reports/2026-03-27-clickfix-vidar,2026-03-27,Vidar Stealer C2 domain (Hetzner DE),domain,Network activity,True
domain,skfilmsint.com,c2_domain,2026-03-clickfix,medium,FDC-ClickFix,https://github.com/freedatacenter/threat-intelligence/tree/main/reports/2026-03-27-clickfix-vidar,2026-03-27,Backup C2 via dead drop resolver (NameCheap/Cloudflare),domain,Network activity,True
ip,78.46.199.184,c2_ip,2026-03-clickfix,medium,FDC-ClickFix,https://github.com/freedatacenter/threat-intelligence/tree/main/reports/2026-03-27-clickfix-vidar,2026-03-27,"Vidar Stealer C2, Hetzner DE",ip-dst,Network activity,True
ip,213.186.33.16,distribution,2026-03-clickfix,medium,FDC-ClickFix,https://github.com/freedatacenter/threat-intelligence/tree/main/reports/2026-03-27-clickfix-vidar,2026-03-27,"Compromised landing page server, OVH FR",ip-dst,Network activity,True
ip,172.67.148.28,shared_infra,2026-03-clickfix,medium,FDC-ClickFix,https://github.com/freedatacenter/threat-intelligence/tree/main/reports/2026-03-27-clickfix-vidar,2026-03-27,Cloudflare proxy (productionmaza[.]cyou),ip-dst,Network activity,False
ip,104.21.55.125,shared_infra,2026-03-clickfix,medium,FDC-ClickFix,https://github.com/freedatacenter/threat-intelligence/tree/main/reports/2026-03-27-clickfix-vidar,2026-03-27,Cloudflare proxy (productionmaza[.]cyou),ip-dst,Network activity,False
url,https://oulpansheli.org/ru/,distribution,2026-03-clickfix,medium,FDC-ClickFix,https://github.com/freedatacenter/threat-intelligence/tree/main/reports/2026-03-27-clickfix-vidar,2026-03-27,ClickFix lure page,url,Network activity,True
url,https://productionmaza.cyou/api/index.php?a=dl&token=fcdd5b796fbf5cb5614da7aaa4773fb404771c4821e4b8d30305ed8df58a2188&src=cloudflare&mode=cloudflare,payload_delivery,2026-03-clickfix,medium,FDC-ClickFix,https://github.com/freedatacenter/threat-intelligence/tree/main/reports/2026-03-27-clickfix-vidar,2026-03-27,Crypter (blindcousin) download URL,url,Network activity,True
url,https://telegram.me/v2ts23m,dead_drop,2026-03-clickfix,medium,FDC-ClickFix,https://github.com/freedatacenter/threat-intelligence/tree/main/reports/2026-03-27-clickfix-vidar,2026-03-27,Dead drop resolver: Telegram channel with backup C2 domain,url,Network activity,False
url,https://steamcommunity.com/profiles/76561198724155486,dead_drop,2026-03-clickfix,medium,FDC-ClickFix,https://github.com/freedatacenter/threat-intelligence/tree/main/reports/2026-03-27-clickfix-vidar,2026-03-27,Dead drop resolver: Steam profile,url,Network activity,False
sha256,e2f6f791dd32b18fd7a002efce17fdd039f69809f7ddabeda9d0de1035da82d9,payload_hash,2026-03-clickfix,medium,FDC-ClickFix,https://github.com/freedatacenter/threat-intelligence/tree/main/reports/2026-03-27-clickfix-vidar,2026-03-27,"Go loader 'blindcousin' (garble-obfuscated, XOR/SUB 5-round decrypt)",sha256,Payload delivery,True
sha256,4a788d7009f7cd13fda4291461e67191bc4b9c34e16761796e0457810fe5bba8,payload_hash,2026-03-clickfix,medium,FDC-ClickFix,https://github.com/freedatacenter/threat-intelligence/tree/main/reports/2026-03-27-clickfix-vidar,2026-03-27,Vidar Stealer v1.0 payload (botnet 4c0a49bed86cb25165c2f64c7c27c48a),sha256,Payload delivery,True
sha256,4d4cd6ee9165a7b5e1bb8c7e91e2d62cb9db662b415900959785d24a59188a42,payload_hash,2026-03-clickfix,medium,FDC-ClickFix,https://github.com/freedatacenter/threat-intelligence/tree/main/reports/2026-03-27-clickfix-vidar,2026-03-27,Delivery ZIP archive,sha256,Payload delivery,True
sha256,69c7b3654300bd7f94ba603da9be8f743442dc2e07504685a07f79f1cc318b4c,payload_hash,2026-03-polymorphic-c2-farm,low,Kimtruongle6,https://github.com/kimtruongle6-prog/Vidar-Stealer-Campaign-Analysis-,2026-03,representative sample,sha256,Payload delivery,True
sha256,5923bca62a5df9e12255a6726bccbed3fbb84ba59385cc21d07cac986b2bdcb4,payload_hash,2026-03-polymorphic-c2-farm,low,Kimtruongle6,https://github.com/kimtruongle6-prog/Vidar-Stealer-Campaign-Analysis-,2026-03,representative sample,sha256,Payload delivery,True
sha256,ed7c98b2ea017fb82e7e93806d3a348002e78eb2cd1902c84c3bf664ec1dac38,payload_hash,2026-03-polymorphic-c2-farm,low,Kimtruongle6,https://github.com/kimtruongle6-prog/Vidar-Stealer-Campaign-Analysis-,2026-03,representative sample,sha256,Payload delivery,True
domain,bot.cricket-physio.com,c2_domain,2026-03-polymorphic-c2-farm,low,Kimtruongle6,https://github.com/kimtruongle6-prog/Vidar-Stealer-Campaign-Analysis-,2026-03,C2 domain,domain,Network activity,True
domain,ths.jhotpot.com.bd,c2_domain,2026-03-polymorphic-c2-farm,low,Kimtruongle6,https://github.com/kimtruongle6-prog/Vidar-Stealer-Campaign-Analysis-,2026-03,C2 domain,domain,Network activity,True
ip,46.226.162.174,c2_ip,2026-03-polymorphic-c2-farm,low,Kimtruongle6,https://github.com/kimtruongle6-prog/Vidar-Stealer-Campaign-Analysis-,2026-03,C2 IP,ip-dst,Network activity,True
ip,151.247.193.50,c2_ip,2026-03-polymorphic-c2-farm,low,Kimtruongle6,https://github.com/kimtruongle6-prog/Vidar-Stealer-Campaign-Analysis-,2026-03,C2 IP,ip-dst,Network activity,True
ip,74.0.32.116,c2_ip,2026-03-polymorphic-c2-farm,low,Kimtruongle6,https://github.com/kimtruongle6-prog/Vidar-Stealer-Campaign-Analysis-,2026-03,C2 IP,ip-dst,Network activity,True
